{
 "experiment": "EXP-RS-25",
 "n_pairs": 80,
 "K_each": 15,
 "baselines": {
  "raw_only_R@10": 0.6625,
  "reduction_only_R@10": 0.525,
  "union_membership_ceiling": 0.8
 },
 "cascade_claude": {
  "recall@10": 0.775,
  "recall@5": 0.75,
  "mrr": 0.7402058531746032,
  "n": 80,
  "missing": 0,
  "ranks": {
   "rs22-000000": null,
   "rs22-000001": 1,
   "rs22-000002": 1,
   "rs22-000003": 1,
   "rs22-000004": 1,
   "rs22-000005": 9,
   "rs22-000006": 1,
   "rs22-000007": null,
   "rs22-000008": 1,
   "rs22-000009": 1,
   "rs22-000010": 1,
   "rs22-000011": null,
   "rs22-000012": 1,
   "rs22-000013": 1,
   "rs22-000014": 1,
   "rs22-000015": 1,
   "rs22-000016": null,
   "rs22-000017": 1,
   "rs22-000018": null,
   "rs22-000019": 1,
   "rs22-000020": null,
   "rs22-000021": 1,
   "rs22-000022": 1,
   "rs22-000023": 1,
   "rs22-000024": 1,
   "rs22-000025": null,
   "rs22-000026": 1,
   "rs22-000027": 1,
   "rs22-000028": null,
   "rs22-000029": null,
   "rs22-000030": 1,
   "rs22-000031": 1,
   "rs22-000032": 1,
   "rs22-000033": 1,
   "rs22-000034": 1,
   "rs22-000035": 1,
   "rs22-000036": null,
   "rs22-000037": 2,
   "rs22-000038": 7,
   "rs22-000039": 1,
   "rs22-000040": 1,
   "rs22-000041": 1,
   "rs22-000042": 1,
   "rs22-000043": 1,
   "rs22-000044": 1,
   "rs22-000045": null,
   "rs22-000046": null,
   "rs22-000047": 1,
   "rs22-000048": 1,
   "rs22-000049": 1,
   "rs22-000050": 1,
   "rs22-000051": 3,
   "rs22-000052": 1,
   "rs22-000053": 1,
   "rs22-000054": 16,
   "rs22-000055": 1,
   "rs22-000056": 1,
   "rs22-000057": 1,
   "rs22-000058": 1,
   "rs22-000059": 1,
   "rs22-000060": 15,
   "rs22-000061": 1,
   "rs22-000062": 1,
   "rs22-000063": 1,
   "rs22-000064": 1,
   "rs22-000065": 1,
   "rs22-000066": 1,
   "rs22-000067": 1,
   "rs22-000068": 1,
   "rs22-000069": 1,
   "rs22-000070": 1,
   "rs22-000071": null,
   "rs22-000072": 1,
   "rs22-000073": 1,
   "rs22-000074": null,
   "rs22-000075": 1,
   "rs22-000076": null,
   "rs22-000077": 1,
   "rs22-000078": null,
   "rs22-000079": 1
  }
 },
 "cascade_mistral": {
  "recall@10": 0.6375,
  "recall@5": 0.4875,
  "mrr": 0.36018971122831417,
  "n": 80,
  "missing": 0,
  "ranks": {
   "rs22-000000": null,
   "rs22-000001": 3,
   "rs22-000002": 1,
   "rs22-000003": 2,
   "rs22-000004": 20,
   "rs22-000005": 8,
   "rs22-000006": 10,
   "rs22-000007": null,
   "rs22-000008": 9,
   "rs22-000009": 1,
   "rs22-000010": 1,
   "rs22-000011": null,
   "rs22-000012": 1,
   "rs22-000013": 1,
   "rs22-000014": 10,
   "rs22-000015": 2,
   "rs22-000016": null,
   "rs22-000017": 13,
   "rs22-000018": null,
   "rs22-000019": 7,
   "rs22-000020": null,
   "rs22-000021": 5,
   "rs22-000022": 1,
   "rs22-000023": 8,
   "rs22-000024": 11,
   "rs22-000025": null,
   "rs22-000026": 1,
   "rs22-000027": 1,
   "rs22-000028": null,
   "rs22-000029": null,
   "rs22-000030": 3,
   "rs22-000031": 1,
   "rs22-000032": 6,
   "rs22-000033": 7,
   "rs22-000034": 2,
   "rs22-000035": 22,
   "rs22-000036": null,
   "rs22-000037": 2,
   "rs22-000038": 17,
   "rs22-000039": 3,
   "rs22-000040": 20,
   "rs22-000041": 11,
   "rs22-000042": 8,
   "rs22-000043": 14,
   "rs22-000044": 16,
   "rs22-000045": null,
   "rs22-000046": null,
   "rs22-000047": 1,
   "rs22-000048": 5,
   "rs22-000049": 7,
   "rs22-000050": 28,
   "rs22-000051": 1,
   "rs22-000052": 6,
   "rs22-000053": 4,
   "rs22-000054": 4,
   "rs22-000055": 3,
   "rs22-000056": 1,
   "rs22-000057": 3,
   "rs22-000058": 1,
   "rs22-000059": 3,
   "rs22-000060": 2,
   "rs22-000061": 2,
   "rs22-000062": 1,
   "rs22-000063": 5,
   "rs22-000064": 1,
   "rs22-000065": 6,
   "rs22-000066": 1,
   "rs22-000067": 2,
   "rs22-000068": 4,
   "rs22-000069": 13,
   "rs22-000070": 20,
   "rs22-000071": null,
   "rs22-000072": 1,
   "rs22-000073": 1,
   "rs22-000074": null,
   "rs22-000075": 1,
   "rs22-000076": null,
   "rs22-000077": 11,
   "rs22-000078": null,
   "rs22-000079": 2
  }
 }
}